role,required_skills,career_goal,difficulty,tools,roadmap
Data Scientist,"python, sql, machine learning, statistics, pandas, numpy, data visualization, scikit-learn, model evaluation","data science, artificial intelligence, analytics",intermediate,"Python, SQL, Pandas, NumPy, Scikit-learn, Matplotlib",Learn Python data handling → Practice SQL → Study statistics → Build ML models → Evaluate models → Create portfolio projects
Machine Learning Engineer,"python, machine learning, deep learning, tensorflow, pytorch, model deployment, mlops, docker, api","artificial intelligence, machine learning, software engineering",advanced,"Python, TensorFlow, PyTorch, Docker, FastAPI, Git",Master ML algorithms → Learn deep learning → Build APIs → Learn Docker → Deploy ML models → Study MLOps
AI Engineer,"python, deep learning, nlp, computer vision, transformers, tensorflow, pytorch, generative ai, prompt engineering","artificial intelligence, generative ai, research",advanced,"Python, PyTorch, TensorFlow, Hugging Face, OpenCV",Learn ML basics → Study neural networks → Practice NLP/CV → Explore transformers → Build AI applications
Data Analyst,"excel, sql, python, statistics, power bi, tableau, data cleaning, dashboarding, business analytics","data analytics, business intelligence, reporting",beginner,"Excel, SQL, Power BI, Tableau, Python",Learn Excel → Practice SQL queries → Clean datasets → Build dashboards → Explain insights clearly
Business Intelligence Analyst,"sql, power bi, tableau, excel, data visualization, business analytics, reporting, kpi, dashboarding","business intelligence, analytics, reporting",intermediate,"Power BI, Tableau, SQL, Excel",Learn SQL → Understand KPIs → Build dashboards → Practice data storytelling → Publish BI portfolio
Backend Developer,"python, java, javascript, sql, api, django, flask, nodejs, databases, authentication, git","software engineering, web development, backend",intermediate,"Python, Django, Flask, Node.js, SQL, Git",Learn programming fundamentals → Build REST APIs → Learn databases → Add authentication → Deploy backend app
Frontend Developer,"html, css, javascript, react, ui design, responsive design, web development, git, api integration","web development, ui development, software engineering",beginner,"HTML, CSS, JavaScript, React, Git",Learn HTML/CSS → Practice JavaScript → Build React apps → Connect APIs → Improve UI/UX
Full Stack Developer,"html, css, javascript, react, nodejs, python, sql, api, databases, deployment, git","web development, software engineering, full stack",intermediate,"React, Node.js, Python, SQL, Git, Docker",Build frontend skills → Learn backend APIs → Connect databases → Add authentication → Deploy full app
Cloud Engineer,"aws, azure, google cloud, linux, networking, docker, cloud computing, security, automation","cloud computing, infrastructure, devops",intermediate,"AWS, Azure, Linux, Docker, Terraform",Learn Linux → Understand networking → Study AWS/Azure → Practice Docker → Build cloud deployment projects
DevOps Engineer,"linux, docker, kubernetes, ci cd, jenkins, github actions, aws, automation, monitoring, terraform","devops, cloud computing, automation",advanced,"Linux, Docker, Kubernetes, Jenkins, GitHub Actions, Terraform",Master Linux → Learn Git → Practice Docker → Build CI/CD pipelines → Learn Kubernetes → Automate infrastructure
Cybersecurity Analyst,"networking, linux, security, wireshark, python, threat analysis, vulnerability assessment, incident response","cybersecurity, network security, risk management",intermediate,"Wireshark, Linux, Python, Nmap, SIEM tools",Learn networking → Practice Linux → Study security basics → Use Wireshark/Nmap → Analyze incidents
Mobile App Developer,"java, kotlin, flutter, dart, android, ios, firebase, api integration, ui design, mobile development","mobile development, software engineering, app development",intermediate,"Flutter, Dart, Kotlin, Android Studio, Firebase",Learn Dart/Kotlin → Build UI screens → Connect APIs → Use Firebase → Publish mobile app
Database Administrator,"sql, mysql, postgresql, database design, backup, performance tuning, security, data modeling","database management, data engineering, infrastructure",intermediate,"MySQL, PostgreSQL, SQL Server, Oracle",Learn SQL deeply → Design schemas → Practice backup/restore → Tune queries → Secure databases
Data Engineer,"python, sql, etl, spark, hadoop, data pipeline, airflow, cloud, big data, databases","data engineering, cloud computing, big data",advanced,"Python, SQL, Apache Spark, Airflow, AWS, Databases",Master SQL/Python → Learn ETL → Build pipelines → Study Spark → Deploy data workflows
Computer Vision Engineer,"python, computer vision, opencv, deep learning, image processing, pytorch, tensorflow, cnn","artificial intelligence, computer vision, research",advanced,"Python, OpenCV, PyTorch, TensorFlow",Learn image processing → Practice OpenCV → Study CNNs → Train models → Build vision applications
NLP Engineer,"python, nlp, transformers, text processing, deep learning, hugging face, pytorch, language models","artificial intelligence, natural language processing, generative ai",advanced,"Python, Hugging Face, PyTorch, spaCy, NLTK",Learn text preprocessing → Study NLP basics → Practice transformers → Fine-tune models → Build chatbot/search app
UI/UX Designer,"figma, user research, wireframing, prototyping, ui design, ux design, design thinking, usability testing","design, product design, user experience",beginner,"Figma, Adobe XD, Miro, Notion",Learn design principles → Study user research → Create wireframes → Build prototypes → Test usability
Product Manager,"communication, product strategy, user research, analytics, roadmap planning, agile, leadership, market research","product management, leadership, business strategy",intermediate,"Jira, Notion, Figma, Google Analytics",Understand users → Learn product strategy → Practice roadmap planning → Study analytics → Lead small projects
QA Automation Engineer,"testing, automation, python, selenium, api testing, java, ci cd, bug tracking, quality assurance","software testing, automation, quality assurance",intermediate,"Selenium, Python, Postman, GitHub Actions, Jira",Learn testing basics → Practice Selenium → Test APIs → Automate test cases → Integrate CI/CD
IoT Developer,"arduino, esp32, sensors, embedded systems, python, c programming, mqtt, cloud, electronics","iot, embedded systems, hardware, automation",intermediate,"Arduino, ESP32, MQTT, Python, C, ThingsBoard",Learn electronics basics → Program Arduino/ESP32 → Use sensors → Send data using MQTT → Build IoT dashboard
Research Assistant in AI,"python, machine learning, deep learning, research writing, literature review, statistics, experiments, data analysis","research, artificial intelligence, academic career",advanced,"Python, Jupyter, PyTorch, LaTeX, Google Scholar",Read research papers → Reproduce models → Run experiments → Analyze results → Write research reports
